{
    "Measurement type": {
        "vanilla": "710eb85f-fafb-47ce-aa16-ef2ada1ab0cc.vanilla", 
        "ngram": true, 
        "added": "710eb85f-fafb-47ce-aa16-ef2ada1ab0cc.added", 
        "pruningThresholds": [], 
        "order": 3
    }, 
    "snips/number": {
        "vanilla": "e90d7447-0ae1-4761-80e2-b769984540f7.vanilla", 
        "ngram": false, 
        "added": "e90d7447-0ae1-4761-80e2-b769984540f7.added", 
        "pruningThresholds": [], 
        "order": 0
    }, 
    "snips/default--reference": {
        "vanilla": "e14f126d-4803-487c-9a5f-c3eadd28e19f.vanilla", 
        "ngram": true, 
        "added": "e14f126d-4803-487c-9a5f-c3eadd28e19f.added", 
        "pruningThresholds": [], 
        "order": 3
    }, 
    "Measurement source": {
        "vanilla": "e9c18309-c4e7-4924-8836-9bcf80543082.vanilla", 
        "ngram": true, 
        "added": "e9c18309-c4e7-4924-8836-9bcf80543082.added", 
        "pruningThresholds": [], 
        "order": 3
    }, 
    "Vertical units": {
        "vanilla": "18019286-d58f-4d18-9eff-758191c27434.vanilla", 
        "ngram": true, 
        "added": "18019286-d58f-4d18-9eff-758191c27434.added", 
        "pruningThresholds": [], 
        "order": 3
    }, 
    "Time units": {
        "vanilla": "18ad9171-eb48-4d11-be84-b943b29983b0.vanilla", 
        "ngram": true, 
        "added": "18ad9171-eb48-4d11-be84-b943b29983b0.added", 
        "pruningThresholds": [], 
        "order": 3
    }, 
    "Trigger slope": {
        "vanilla": "1eefaaab-b0d4-4def-a3e8-3b6af6784b80.vanilla", 
        "ngram": true, 
        "added": "1eefaaab-b0d4-4def-a3e8-3b6af6784b80.added", 
        "pruningThresholds": [], 
        "order": 3
    }, 
    "Trigger source": {
        "vanilla": "8f696b1c-c779-4b22-ba10-594a1c5449ce.vanilla", 
        "ngram": true, 
        "added": "8f696b1c-c779-4b22-ba10-594a1c5449ce.added", 
        "pruningThresholds": [], 
        "order": 3
    }
}