{
  "config": {
    "ignore_stop_words": true,
    "max_pattern_length": 1000,
    "max_queries": 500,
    "unit_name": "deterministic_intent_parser"
  },
  "group_names_to_slot_names": {
    "group0": "channel",
    "group1": "reference",
    "group2": "scale",
    "group3": "slope",
    "group4": "source",
    "group5": "type",
    "group6": "units"
  },
  "language_code": "en",
  "patterns": {
    "jmwilson:clearAllMeasurements": [
      "^\\s*don\\s*t\\s*need\\s*measurements\\s*anymore\\s*$",
      "^\\s*take\\s*away\\s*all\\s*measurements\\s*$",
      "^\\s*clear\\s*measurements\\s*$",
      "^\\s*don\\s*t\\s*show\\s*measurements\\s*$",
      "^\\s*dismiss\\s*measurements\\s*$",
      "^\\s*get\\s*rid\\s*of\\s*measurements\\s*$",
      "^\\s*delete\\s*measurements\\s*$",
      "^\\s*hide\\s*measurements\\s*$",
      "^\\s*i\\s*don\\s*t\\s*need\\s*see\\s*measurements\\s*anymore\\s*$",
      "^\\s*i\\s*don\\s*t\\s*need\\s*measurements\\s*$",
      "^\\s*i\\s*don\\s*t\\s*want\\s*see\\s*measurements\\s*$",
      "^\\s*stop\\s*showing\\s*all\\s*measurements\\s*$",
      "^\\s*stop\\s*showing\\s*measurements\\s*$",
      "^\\s*cease\\s*display\\s*of\\s*measurements\\s*$",
      "^\\s*cease\\s*all\\s*measurements\\s*$",
      "^\\s*hide\\s*display\\s*of\\s*all\\s*measurements\\s*$",
      "^\\s*hide\\s*all\\s*measurements\\s*from\\s*display\\s*$",
      "^\\s*clear\\s*screen\\s*of\\s*measurements\\s*$",
      "^\\s*no\\s*more\\s*measurements\\s*on\\s*screen\\s*$",
      "^\\s*take\\s*away\\s*measurements\\s*$",
      "^\\s*get\\s*all\\s*measurements\\s*off\\s*screen\\s*$",
      "^\\s*get\\s*rid\\s*of\\s*all\\s*measurements\\s*$",
      "^\\s*delete\\s*all\\s*measurements\\s*$",
      "^\\s*dismiss\\s*all\\s*measurements\\s*$",
      "^\\s*hide\\s*all\\s*measurements\\s*$",
      "^\\s*clear\\s*all\\s*measurements\\s*$"
    ],
    "jmwilson:hideChannel": [
      "^\\s*(?P<group4>%MEASUREMENTSOURCE%)\\s*isn\\s*t\\s*needed\\s*$",
      "^\\s*don\\s*t\\s*show\\s*(?P<group4>%MEASUREMENTSOURCE%)\\s*$",
      "^\\s*could\\s*stop\\s*showing\\s*(?P<group4>%MEASUREMENTSOURCE%)\\s*$",
      "^\\s*could\\s*hide\\s*(?P<group4>%MEASUREMENTSOURCE%)\\s*$",
      "^\\s*could\\s*dismiss\\s*(?P<group4>%MEASUREMENTSOURCE%)\\s*$",
      "^\\s*could\\s*get\\s*rid\\s*of\\s*(?P<group4>%MEASUREMENTSOURCE%)\\s*$",
      "^\\s*could\\s*take\\s*away\\s*(?P<group4>%MEASUREMENTSOURCE%)\\s*$",
      "^\\s*could\\s*remove\\s*(?P<group4>%MEASUREMENTSOURCE%)\\s*$",
      "^\\s*could\\s*clear\\s*(?P<group4>%MEASUREMENTSOURCE%)\\s*$",
      "^\\s*stop\\s*showing\\s*(?P<group4>%MEASUREMENTSOURCE%)\\s*$",
      "^\\s*hide\\s*(?P<group4>%MEASUREMENTSOURCE%)\\s*$",
      "^\\s*dismiss\\s*(?P<group4>%MEASUREMENTSOURCE%)\\s*$",
      "^\\s*get\\s*rid\\s*of\\s*(?P<group4>%MEASUREMENTSOURCE%)\\s*$",
      "^\\s*take\\s*away\\s*(?P<group4>%MEASUREMENTSOURCE%)\\s*$",
      "^\\s*remove\\s*(?P<group4>%MEASUREMENTSOURCE%)\\s*$",
      "^\\s*clear\\s*(?P<group4>%MEASUREMENTSOURCE%)\\s*$",
      "^\\s*i\\s*don\\s*t\\s*need\\s*(?P<group4>%MEASUREMENTSOURCE%)\\s*$",
      "^\\s*hide\\s*(?P<group4>%MEASUREMENTSOURCE%)\\s*from\\s*display\\s*$",
      "^\\s*make\\s*(?P<group4>%MEASUREMENTSOURCE%)\\s*disappear\\s*$",
      "^\\s*i\\s*don\\s*t\\s*need\\s*(?P<group4>%MEASUREMENTSOURCE%)\\s*on\\s*screen\\s*$",
      "^\\s*i\\s*don\\s*t\\s*want\\s*see\\s*(?P<group4>%MEASUREMENTSOURCE%)\\s*$",
      "^\\s*i\\s*don\\s*t\\s*need\\s*see\\s*(?P<group4>%MEASUREMENTSOURCE%)\\s*$",
      "^\\s*make\\s*(?P<group4>%MEASUREMENTSOURCE%)\\s*hidden\\s*$",
      "^\\s*get\\s*(?P<group4>%MEASUREMENTSOURCE%)\\s*off\\s*screen\\s*$",
      "^\\s*remove\\s*channel\\s*(?P<group4>%MEASUREMENTSOURCE%)\\s*$",
      "^\\s*(?P<group4>%MEASUREMENTSOURCE%)\\s*disable\\s*$",
      "^\\s*(?P<group4>%MEASUREMENTSOURCE%)\\s*hide\\s*$",
      "^\\s*(?P<group4>%MEASUREMENTSOURCE%)\\s*off\\s*$",
      "^\\s*turn\\s*off\\s*(?P<group4>%MEASUREMENTSOURCE%)\\s*$",
      "^\\s*disable\\s*(?P<group4>%MEASUREMENTSOURCE%)\\s*$"
    ],
    "jmwilson:measure": [
      "^\\s*start\\s*measuring\\s*(?P<group5>%MEASUREMENTTYPE%)\\s*for\\s*(?P<group4>%MEASUREMENTSOURCE%)\\s*$",
      "^\\s*start\\s*measuring\\s*(?P<group5>%MEASUREMENTTYPE%)\\s*on\\s*(?P<group4>%MEASUREMENTSOURCE%)\\s*$",
      "^\\s*start\\s*showing\\s*(?P<group5>%MEASUREMENTTYPE%)\\s*for\\s*(?P<group4>%MEASUREMENTSOURCE%)\\s*$",
      "^\\s*what\\s*s\\s*(?P<group5>%MEASUREMENTTYPE%)\\s*on\\s*(?P<group4>%MEASUREMENTSOURCE%)\\s*$",
      "^\\s*show\\s*(?P<group5>%MEASUREMENTTYPE%)\\s*for\\s*(?P<group4>%MEASUREMENTSOURCE%)\\s*$",
      "^\\s*show\\s*(?P<group5>%MEASUREMENTTYPE%)\\s*(?P<group4>%MEASUREMENTSOURCE%)\\s*$",
      "^\\s*do\\s*(?P<group5>%MEASUREMENTTYPE%)\\s*measurement\\s*on\\s*(?P<group4>%MEASUREMENTSOURCE%)\\s*$",
      "^\\s*put\\s*up\\s*(?P<group5>%MEASUREMENTTYPE%)\\s*of\\s*(?P<group4>%MEASUREMENTSOURCE%)\\s*$",
      "^\\s*make\\s*visible\\s*(?P<group5>%MEASUREMENTTYPE%)\\s*measurement\\s*on\\s*(?P<group4>%MEASUREMENTSOURCE%)\\s*$",
      "^\\s*display\\s*(?P<group5>%MEASUREMENTTYPE%)\\s*of\\s*(?P<group4>%MEASUREMENTSOURCE%)\\s*$",
      "^\\s*show\\s*(?P<group5>%MEASUREMENTTYPE%)\\s*of\\s*(?P<group4>%MEASUREMENTSOURCE%)\\s*$",
      "^\\s*add\\s*measurement\\s*of\\s*(?P<group4>%MEASUREMENTSOURCE%)\\s*(?P<group5>%MEASUREMENTTYPE%)\\s*$",
      "^\\s*what\\s*is\\s*(?P<group5>%MEASUREMENTTYPE%)\\s*of\\s*(?P<group4>%MEASUREMENTSOURCE%)\\s*$",
      "^\\s*show\\s*measurement\\s*of\\s*(?P<group5>%MEASUREMENTTYPE%)\\s*for\\s*(?P<group4>%MEASUREMENTSOURCE%)\\s*$",
      "^\\s*measure\\s*(?P<group5>%MEASUREMENTTYPE%)\\s*of\\s*(?P<group4>%MEASUREMENTSOURCE%)\\s*$",
      "^\\s*i\\s*want\\s*see\\s*(?P<group5>%MEASUREMENTTYPE%)\\s*of\\s*(?P<group4>%MEASUREMENTSOURCE%)\\s*$",
      "^\\s*show\\s*(?P<group5>%MEASUREMENTTYPE%)\\s*on\\s*(?P<group4>%MEASUREMENTSOURCE%)\\s*$",
      "^\\s*i\\s*see\\s*(?P<group5>%MEASUREMENTTYPE%)\\s*for\\s*(?P<group4>%MEASUREMENTSOURCE%)\\s*$",
      "^\\s*add\\s*(?P<group5>%MEASUREMENTTYPE%)\\s*measurement\\s*on\\s*(?P<group4>%MEASUREMENTSOURCE%)\\s*$",
      "^\\s*add\\s*measurement\\s*of\\s*(?P<group5>%MEASUREMENTTYPE%)\\s*of\\s*(?P<group4>%MEASUREMENTSOURCE%)\\s*$",
      "^\\s*add\\s*measurement\\s*of\\s*(?P<group5>%MEASUREMENTTYPE%)\\s*for\\s*(?P<group4>%MEASUREMENTSOURCE%)\\s*$",
      "^\\s*what\\s*s\\s*(?P<group5>%MEASUREMENTTYPE%)\\s*of\\s*(?P<group4>%MEASUREMENTSOURCE%)\\s*$",
      "^\\s*show\\s*(?P<group5>%MEASUREMENTTYPE%)\\s*measurement\\s*for\\s*(?P<group4>%MEASUREMENTSOURCE%)\\s*$",
      "^\\s*measure\\s*(?P<group5>%MEASUREMENTTYPE%)\\s*for\\s*(?P<group4>%MEASUREMENTSOURCE%)\\s*$",
      "^\\s*measure\\s*(?P<group5>%MEASUREMENTTYPE%)\\s*on\\s*(?P<group4>%MEASUREMENTSOURCE%)\\s*$"
    ],
    "jmwilson:runCapture": [
      "^\\s*let\\s*s\\s*run\\s*things\\s*$",
      "^\\s*hit\\s*run\\s*button\\s*$",
      "^\\s*press\\s*run\\s*$",
      "^\\s*press\\s*go\\s*$",
      "^\\s*hit\\s*go\\s*button\\s*$",
      "^\\s*go\\s*$",
      "^\\s*start\\s*running\\s*again\\s*$",
      "^\\s*start\\s*things\\s*up\\s*$",
      "^\\s*run\\s*scope\\s*$",
      "^\\s*let\\s*s\\s*start\\s*display\\s*$",
      "^\\s*start\\s*capturing\\s*again\\s*$",
      "^\\s*capture\\s*on\\s*$",
      "^\\s*start\\s*display\\s*$",
      "^\\s*start\\s*acquiring\\s*$",
      "^\\s*start\\s*acquisition\\s*$",
      "^\\s*start\\s*it\\s*up\\s*$",
      "^\\s*start\\s*oscilloscope\\s*$",
      "^\\s*start\\s*capturing\\s*$",
      "^\\s*resume\\s*capturing\\s*$",
      "^\\s*resume\\s*capture\\s*$",
      "^\\s*resume\\s*$",
      "^\\s*run\\s*it\\s*$",
      "^\\s*start\\s*running\\s*$",
      "^\\s*restart\\s*$",
      "^\\s*start\\s*capture\\s*$",
      "^\\s*start\\s*$",
      "^\\s*run\\s*$"
    ],
    "jmwilson:saveImage": [
      "^\\s*save\\s*screen\\s*shot\\s*here\\s*$",
      "^\\s*take\\s*screen\\s*shot\\s*here\\s*$",
      "^\\s*save\\s*screen\\s*shot\\s*$",
      "^\\s*capture\\s*display\\s*$",
      "^\\s*save\\s*screen\\s*image\\s*$",
      "^\\s*capture\\s*image\\s*disk\\s*$",
      "^\\s*save\\s*screen\\s*$",
      "^\\s*make\\s*screen\\s*capture\\s*$",
      "^\\s*save\\s*display\\s*$",
      "^\\s*capture\\s*screen\\s*$",
      "^\\s*screen\\s*shot\\s*here\\s*$",
      "^\\s*make\\s*screen\\s*shot\\s*$",
      "^\\s*take\\s*screen\\s*shot\\s*$",
      "^\\s*save\\s*screen\\s*storage\\s*$",
      "^\\s*save\\s*screen\\s*disk\\s*$",
      "^\\s*do\\s*screen\\s*capture\\s*$",
      "^\\s*do\\s*screen\\s*shot\\s*$",
      "^\\s*save\\s*image\\s*here\\s*$",
      "^\\s*screen\\s*shot\\s*$",
      "^\\s*capture\\s*image\\s*$",
      "^\\s*save\\s*image\\s*$"
    ],
    "jmwilson:setChannelVerticalScale": [
      "^\\s*change\\s*vertical\\s*resolution\\s*of\\s*channel\\s*(?P<group0>%SNIPSNUMBER%)\\s*(?P<group2>%SNIPSNUMBER%)\\s*(?P<group6>%VERTICALUNITS%)\\s*$",
      "^\\s*channel\\s*(?P<group0>%SNIPSNUMBER%)\\s*resolution\\s*(?P<group2>%SNIPSNUMBER%)\\s*(?P<group6>%VERTICALUNITS%)\\s*$",
      "^\\s*channel\\s*(?P<group0>%SNIPSNUMBER%)\\s*vertical\\s*resolution\\s*(?P<group2>%SNIPSNUMBER%)\\s*(?P<group6>%VERTICALUNITS%)\\s*$",
      "^\\s*set\\s*vertical\\s*resolution\\s*of\\s*channel\\s*(?P<group0>%SNIPSNUMBER%)\\s*(?P<group2>%SNIPSNUMBER%)\\s*(?P<group6>%VERTICALUNITS%)\\s*$",
      "^\\s*on\\s*channel\\s*(?P<group0>%SNIPSNUMBER%)\\s*make\\s*vertical\\s*scale\\s*(?P<group2>%SNIPSNUMBER%)\\s*(?P<group6>%VERTICALUNITS%)\\s*$",
      "^\\s*on\\s*channel\\s*(?P<group0>%SNIPSNUMBER%)\\s*make\\s*vertical\\s*scale\\s*(?P<group2>%SNIPSNUMBER%)\\s*(?P<group6>%VERTICALUNITS%)\\s*per\\s*div\\s*$",
      "^\\s*make\\s*channel\\s*(?P<group0>%SNIPSNUMBER%)\\s*s\\s*vertical\\s*scale\\s*(?P<group2>%SNIPSNUMBER%)\\s*(?P<group6>%VERTICALUNITS%)\\s*per\\s*div\\s*$",
      "^\\s*make\\s*channel\\s*(?P<group0>%SNIPSNUMBER%)\\s*s\\s*vertical\\s*scale\\s*(?P<group2>%SNIPSNUMBER%)\\s*(?P<group6>%VERTICALUNITS%)\\s*$",
      "^\\s*vertical\\s*scale\\s*channel\\s*(?P<group0>%SNIPSNUMBER%)\\s*(?P<group2>%SNIPSNUMBER%)\\s*(?P<group6>%VERTICALUNITS%)\\s*$",
      "^\\s*channel\\s*(?P<group0>%SNIPSNUMBER%)\\s*scale\\s*(?P<group2>%SNIPSNUMBER%)\\s*(?P<group6>%VERTICALUNITS%)\\s*per\\s*div\\s*$",
      "^\\s*make\\s*channel\\s*(?P<group0>%SNIPSNUMBER%)\\s*vertical\\s*scale\\s*(?P<group2>%SNIPSNUMBER%)\\s*(?P<group6>%VERTICALUNITS%)\\s*per\\s*div\\s*$",
      "^\\s*vertical\\s*scale\\s*on\\s*channel\\s*(?P<group0>%SNIPSNUMBER%)\\s*should\\s*be\\s*(?P<group2>%SNIPSNUMBER%)\\s*(?P<group6>%VERTICALUNITS%)\\s*per\\s*div\\s*$",
      "^\\s*change\\s*vertical\\s*scale\\s*(?P<group2>%SNIPSNUMBER%)\\s*(?P<group6>%VERTICALUNITS%)\\s*per\\s*div\\s*for\\s*channel\\s*(?P<group0>%SNIPSNUMBER%)\\s*$",
      "^\\s*change\\s*vertical\\s*scale\\s*be\\s*(?P<group2>%SNIPSNUMBER%)\\s*(?P<group6>%VERTICALUNITS%)\\s*for\\s*channel\\s*(?P<group0>%SNIPSNUMBER%)\\s*$",
      "^\\s*(?P<group2>%SNIPSNUMBER%)\\s*(?P<group6>%VERTICALUNITS%)\\s*per\\s*vertical\\s*div\\s*for\\s*channel\\s*(?P<group0>%SNIPSNUMBER%)\\s*$",
      "^\\s*vertical\\s*scale\\s*for\\s*channel\\s*(?P<group0>%SNIPSNUMBER%)\\s*should\\s*be\\s*(?P<group2>%SNIPSNUMBER%)\\s*(?P<group6>%VERTICALUNITS%)\\s*$",
      "^\\s*make\\s*vertical\\s*scale\\s*on\\s*channel\\s*(?P<group0>%SNIPSNUMBER%)\\s*(?P<group2>%SNIPSNUMBER%)\\s*(?P<group6>%VERTICALUNITS%)\\s*per\\s*div\\s*$",
      "^\\s*on\\s*channel\\s*(?P<group0>%SNIPSNUMBER%)\\s*set\\s*vertical\\s*scale\\s*(?P<group2>%SNIPSNUMBER%)\\s*(?P<group6>%VERTICALUNITS%)\\s*per\\s*div\\s*$",
      "^\\s*channel\\s*(?P<group0>%SNIPSNUMBER%)\\s*(?P<group2>%SNIPSNUMBER%)\\s*(?P<group6>%VERTICALUNITS%)\\s*per\\s*div\\s*$",
      "^\\s*(?P<group2>%SNIPSNUMBER%)\\s*(?P<group6>%VERTICALUNITS%)\\s*per\\s*div\\s*on\\s*channel\\s*(?P<group0>%SNIPSNUMBER%)\\s*$",
      "^\\s*vertical\\s*scale\\s*on\\s*channel\\s*(?P<group0>%SNIPSNUMBER%)\\s*set\\s*(?P<group2>%SNIPSNUMBER%)\\s*(?P<group6>%VERTICALUNITS%)\\s*$",
      "^\\s*(?P<group2>%SNIPSNUMBER%)\\s*(?P<group6>%VERTICALUNITS%)\\s*per\\s*vertical\\s*div\\s*on\\s*channel\\s*(?P<group0>%SNIPSNUMBER%)\\s*$",
      "^\\s*make\\s*vertical\\s*scale\\s*on\\s*channel\\s*(?P<group0>%SNIPSNUMBER%)\\s*be\\s*(?P<group2>%SNIPSNUMBER%)\\s*(?P<group6>%VERTICALUNITS%)\\s*per\\s*div\\s*$",
      "^\\s*channel\\s*(?P<group0>%SNIPSNUMBER%)\\s*vertical\\s*scale\\s*(?P<group2>%SNIPSNUMBER%)\\s*(?P<group6>%VERTICALUNITS%)\\s*per\\s*div\\s*$",
      "^\\s*channel\\s*(?P<group0>%SNIPSNUMBER%)\\s*vertical\\s*scale\\s*(?P<group2>%SNIPSNUMBER%)\\s*(?P<group6>%VERTICALUNITS%)\\s*$",
      "^\\s*set\\s*vertical\\s*scale\\s*on\\s*channel\\s*(?P<group0>%SNIPSNUMBER%)\\s*(?P<group2>%SNIPSNUMBER%)\\s*(?P<group6>%VERTICALUNITS%)\\s*$",
      "^\\s*set\\s*channel\\s*(?P<group0>%SNIPSNUMBER%)\\s*vertical\\s*scale\\s*(?P<group2>%SNIPSNUMBER%)\\s*(?P<group6>%VERTICALUNITS%)\\s*$"
    ],
    "jmwilson:setTimeBaseScale": [
      "^\\s*i\\s*need\\s*(?P<group2>%SNIPSNUMBER%)\\s*(?P<group6>%TIMEUNITS%)\\s*per\\s*div\\s*$",
      "^\\s*(?P<group2>%SNIPSNUMBER%)\\s*(?P<group6>%TIMEUNITS%)\\s*per\\s*horizontal\\s*div\\s*$",
      "^\\s*horizontal\\s*scale\\s*(?P<group2>%SNIPSNUMBER%)\\s*(?P<group6>%TIMEUNITS%)\\s*per\\s*div\\s*$",
      "^\\s*time\\s*base\\s*(?P<group2>%SNIPSNUMBER%)\\s*(?P<group6>%TIMEUNITS%)\\s*per\\s*div\\s*$",
      "^\\s*put\\s*in\\s*horizontal\\s*scale\\s*of\\s*(?P<group2>%SNIPSNUMBER%)\\s*(?P<group6>%TIMEUNITS%)\\s*$",
      "^\\s*put\\s*in\\s*time\\s*base\\s*of\\s*(?P<group2>%SNIPSNUMBER%)\\s*(?P<group6>%TIMEUNITS%)\\s*$",
      "^\\s*i\\s*want\\s*time\\s*base\\s*of\\s*(?P<group2>%SNIPSNUMBER%)\\s*(?P<group6>%TIMEUNITS%)\\s*$",
      "^\\s*change\\s*horizontal\\s*scale\\s*(?P<group2>%SNIPSNUMBER%)\\s*(?P<group6>%TIMEUNITS%)\\s*$",
      "^\\s*change\\s*time\\s*base\\s*(?P<group2>%SNIPSNUMBER%)\\s*(?P<group6>%TIMEUNITS%)\\s*$",
      "^\\s*make\\s*horizontal\\s*scale\\s*(?P<group2>%SNIPSNUMBER%)\\s*(?P<group6>%TIMEUNITS%)\\s*$",
      "^\\s*horizontal\\s*scale\\s*(?P<group2>%SNIPSNUMBER%)\\s*(?P<group6>%TIMEUNITS%)\\s*$",
      "^\\s*set\\s*horizontal\\s*scale\\s*(?P<group2>%SNIPSNUMBER%)\\s*(?P<group6>%TIMEUNITS%)\\s*$",
      "^\\s*set\\s*time\\s*base\\s*scale\\s*(?P<group2>%SNIPSNUMBER%)\\s*(?P<group6>%TIMEUNITS%)\\s*$",
      "^\\s*make\\s*time\\s*base\\s*(?P<group2>%SNIPSNUMBER%)\\s*(?P<group6>%TIMEUNITS%)\\s*$",
      "^\\s*set\\s*time\\s*base\\s*(?P<group2>%SNIPSNUMBER%)\\s*(?P<group6>%TIMEUNITS%)\\s*$",
      "^\\s*time\\s*base\\s*(?P<group2>%SNIPSNUMBER%)\\s*(?P<group6>%TIMEUNITS%)\\s*$"
    ],
    "jmwilson:setTimebaseReference": [
      "^\\s*set\\s*time\\s*reference\\s*(?P<group1>%SNIPSDEFAULTREFERENCE%)\\s*$",
      "^\\s*do\\s*(?P<group1>%SNIPSDEFAULTREFERENCE%)\\s*time\\s*reference\\s*$",
      "^\\s*make\\s*time\\s*reference\\s*on\\s*(?P<group1>%SNIPSDEFAULTREFERENCE%)\\s*$",
      "^\\s*make\\s*time\\s*reference\\s*(?P<group1>%SNIPSDEFAULTREFERENCE%)\\s*$",
      "^\\s*(?P<group1>%SNIPSDEFAULTREFERENCE%)\\s*time\\s*reference\\s*$",
      "^\\s*put\\s*time\\s*reference\\s*on\\s*(?P<group1>%SNIPSDEFAULTREFERENCE%)\\s*$",
      "^\\s*index\\s*time\\s*reference\\s*(?P<group1>%SNIPSDEFAULTREFERENCE%)\\s*$",
      "^\\s*place\\s*time\\s*reference\\s*on\\s*(?P<group1>%SNIPSDEFAULTREFERENCE%)\\s*$",
      "^\\s*place\\s*time\\s*reference\\s*in\\s*(?P<group1>%SNIPSDEFAULTREFERENCE%)\\s*$",
      "^\\s*time\\s*reference\\s*(?P<group1>%SNIPSDEFAULTREFERENCE%)\\s*$",
      "^\\s*(?P<group1>%SNIPSDEFAULTREFERENCE%)\\s*time\\s*base\\s*reference\\s*$",
      "^\\s*place\\s*time\\s*base\\s*reference\\s*on\\s*(?P<group1>%SNIPSDEFAULTREFERENCE%)\\s*$",
      "^\\s*place\\s*time\\s*base\\s*reference\\s*in\\s*(?P<group1>%SNIPSDEFAULTREFERENCE%)\\s*$",
      "^\\s*index\\s*time\\s*base\\s*reference\\s*(?P<group1>%SNIPSDEFAULTREFERENCE%)\\s*$",
      "^\\s*put\\s*time\\s*base\\s*reference\\s*on\\s*(?P<group1>%SNIPSDEFAULTREFERENCE%)\\s*$",
      "^\\s*make\\s*time\\s*base\\s*reference\\s*(?P<group1>%SNIPSDEFAULTREFERENCE%)\\s*$",
      "^\\s*set\\s*time\\s*base\\s*reference\\s*(?P<group1>%SNIPSDEFAULTREFERENCE%)\\s*$",
      "^\\s*time\\s*base\\s*reference\\s*(?P<group1>%SNIPSDEFAULTREFERENCE%)\\s*$"
    ],
    "jmwilson:setTriggerSlope": [
      "^\\s*make\\s*trigger\\s*slope\\s*(?P<group3>%TRIGGERSLOPE%)\\s*$",
      "^\\s*trigger\\s*on\\s*(?P<group3>%TRIGGERSLOPE%)\\s*edge\\s*$",
      "^\\s*set\\s*trigger\\s*on\\s*(?P<group3>%TRIGGERSLOPE%)\\s*edge\\s*$",
      "^\\s*trigger\\s*slope\\s*(?P<group3>%TRIGGERSLOPE%)\\s*$",
      "^\\s*set\\s*trigger\\s*slope\\s*be\\s*(?P<group3>%TRIGGERSLOPE%)\\s*$",
      "^\\s*change\\s*trigger\\s*slope\\s*be\\s*(?P<group3>%TRIGGERSLOPE%)\\s*$",
      "^\\s*change\\s*trigger\\s*slope\\s*(?P<group3>%TRIGGERSLOPE%)\\s*$",
      "^\\s*set\\s*trigger\\s*slope\\s*(?P<group3>%TRIGGERSLOPE%)\\s*$"
    ],
    "jmwilson:setTriggerSource": [
      "^\\s*trigger\\s*on\\s*(?P<group4>%TRIGGERSOURCE%)\\s*$",
      "^\\s*set\\s*trigger\\s*on\\s*(?P<group4>%TRIGGERSOURCE%)\\s*$",
      "^\\s*change\\s*trigger\\s*source\\s*(?P<group4>%TRIGGERSOURCE%)\\s*$",
      "^\\s*set\\s*(?P<group4>%TRIGGERSOURCE%)\\s*as\\s*trigger\\s*source\\s*$",
      "^\\s*choose\\s*(?P<group4>%TRIGGERSOURCE%)\\s*as\\s*trigger\\s*source\\s*$",
      "^\\s*set\\s*(?P<group4>%TRIGGERSOURCE%)\\s*for\\s*trigger\\s*source\\s*$",
      "^\\s*trigger\\s*source\\s*set\\s*(?P<group4>%TRIGGERSOURCE%)\\s*$",
      "^\\s*trigger\\s*source\\s*(?P<group4>%TRIGGERSOURCE%)\\s*$",
      "^\\s*make\\s*(?P<group4>%TRIGGERSOURCE%)\\s*trigger\\s*source\\s*$",
      "^\\s*make\\s*(?P<group4>%TRIGGERSOURCE%)\\s*trigger\\s*$",
      "^\\s*put\\s*trigger\\s*source\\s*on\\s*(?P<group4>%TRIGGERSOURCE%)\\s*$",
      "^\\s*put\\s*trigger\\s*on\\s*(?P<group4>%TRIGGERSOURCE%)\\s*$",
      "^\\s*set\\s*trigger\\s*(?P<group4>%TRIGGERSOURCE%)\\s*$",
      "^\\s*set\\s*trigger\\s*source\\s*(?P<group4>%TRIGGERSOURCE%)\\s*$"
    ],
    "jmwilson:showChannel": [
      "^\\s*activate\\s*(?P<group4>%MEASUREMENTSOURCE%)\\s*$",
      "^\\s*put\\s*on\\s*(?P<group4>%MEASUREMENTSOURCE%)\\s*$",
      "^\\s*could\\s*show\\s*(?P<group4>%MEASUREMENTSOURCE%)\\s*$",
      "^\\s*could\\s*display\\s*(?P<group4>%MEASUREMENTSOURCE%)\\s*$",
      "^\\s*could\\s*turn\\s*on\\s*(?P<group4>%MEASUREMENTSOURCE%)\\s*$",
      "^\\s*i\\s*need\\s*see\\s*(?P<group4>%MEASUREMENTSOURCE%)\\s*$",
      "^\\s*i\\s*need\\s*(?P<group4>%MEASUREMENTSOURCE%)\\s*on\\s*$",
      "^\\s*show\\s*(?P<group4>%MEASUREMENTSOURCE%)\\s*on\\s*screen\\s*$",
      "^\\s*make\\s*(?P<group4>%MEASUREMENTSOURCE%)\\s*visible\\s*$",
      "^\\s*enable\\s*(?P<group4>%MEASUREMENTSOURCE%)\\s*$",
      "^\\s*show\\s*(?P<group4>%MEASUREMENTSOURCE%)\\s*$",
      "^\\s*turn\\s*on\\s*(?P<group4>%MEASUREMENTSOURCE%)\\s*$",
      "^\\s*i\\s*d\\s*like\\s*turn\\s*on\\s*(?P<group4>%MEASUREMENTSOURCE%)\\s*$",
      "^\\s*i\\s*d\\s*like\\s*see\\s*(?P<group4>%MEASUREMENTSOURCE%)\\s*$",
      "^\\s*start\\s*showing\\s*(?P<group4>%MEASUREMENTSOURCE%)\\s*$",
      "^\\s*(?P<group4>%MEASUREMENTSOURCE%)\\s*enable\\s*$",
      "^\\s*(?P<group4>%MEASUREMENTSOURCE%)\\s*show\\s*$",
      "^\\s*(?P<group4>%MEASUREMENTSOURCE%)\\s*on\\s*$",
      "^\\s*display\\s*(?P<group4>%MEASUREMENTSOURCE%)\\s*$"
    ],
    "jmwilson:singleCapture": [
      "^\\s*do\\s*single\\s*acquisition\\s*$",
      "^\\s*i\\s*need\\s*get\\s*single\\s*here\\s*$",
      "^\\s*hit\\s*single\\s*$",
      "^\\s*press\\s*single\\s*button\\s*$",
      "^\\s*press\\s*single\\s*$",
      "^\\s*run\\s*single\\s*trigger\\s*$",
      "^\\s*hit\\s*single\\s*button\\s*$",
      "^\\s*stop\\s*after\\s*single\\s*capture\\s*$",
      "^\\s*stop\\s*after\\s*single\\s*trigger\\s*$",
      "^\\s*i\\s*want\\s*single\\s*capture\\s*$",
      "^\\s*i\\s*want\\s*single\\s*trigger\\s*$",
      "^\\s*i\\s*need\\s*single\\s*trigger\\s*here\\s*$",
      "^\\s*single\\s*button\\s*$",
      "^\\s*fire\\s*single\\s*$",
      "^\\s*acquire\\s*single\\s*trigger\\s*of\\s*data\\s*$",
      "^\\s*do\\s*single\\s*$",
      "^\\s*do\\s*single\\s*trigger\\s*$",
      "^\\s*single\\s*here\\s*$",
      "^\\s*run\\s*single\\s*$",
      "^\\s*single\\s*capture\\s*here\\s*$",
      "^\\s*single\\s*mode\\s*capture\\s*$",
      "^\\s*single\\s*mode\\s*$",
      "^\\s*start\\s*single\\s*capture\\s*$",
      "^\\s*do\\s*single\\s*capture\\s*$",
      "^\\s*capture\\s*on\\s*single\\s*$",
      "^\\s*single\\s*capture\\s*$",
      "^\\s*single\\s*$"
    ],
    "jmwilson:stopCapture": [
      "^\\s*press\\s*stop\\s*button\\s*$",
      "^\\s*press\\s*stop\\s*$",
      "^\\s*hit\\s*stop\\s*button\\s*$",
      "^\\s*stop\\s*acquiring\\s*$",
      "^\\s*stop\\s*scope\\s*display\\s*$",
      "^\\s*stop\\s*scope\\s*$",
      "^\\s*stop\\s*here\\s*$",
      "^\\s*pause\\s*here\\s*$",
      "^\\s*hold\\s*it\\s*here\\s*$",
      "^\\s*halt\\s*capturing\\s*$",
      "^\\s*halt\\s*display\\s*$",
      "^\\s*stop\\s*capturing\\s*$",
      "^\\s*pause\\s*capturing\\s*$",
      "^\\s*pause\\s*display\\s*$",
      "^\\s*stop\\s*display\\s*$",
      "^\\s*freeze\\s*display\\s*$",
      "^\\s*hold\\s*it\\s*$",
      "^\\s*pause\\s*$",
      "^\\s*stop\\s*$",
      "^\\s*freeze\\s*$",
      "^\\s*stop\\s*oscilloscope\\s*$",
      "^\\s*stop\\s*capture\\s*$",
      "^\\s*halt\\s*$"
    ]
  },
  "slot_names_to_entities": {
    "jmwilson:clearAllMeasurements": {},
    "jmwilson:hideChannel": {
      "source": "Measurement source"
    },
    "jmwilson:measure": {
      "source": "Measurement source",
      "type": "Measurement type"
    },
    "jmwilson:runCapture": {},
    "jmwilson:saveImage": {},
    "jmwilson:setChannelVerticalScale": {
      "channel": "snips/number",
      "scale": "snips/number",
      "units": "Vertical units"
    },
    "jmwilson:setTimeBaseScale": {
      "scale": "snips/number",
      "units": "Time units"
    },
    "jmwilson:setTimebaseReference": {
      "reference": "snips/default--reference"
    },
    "jmwilson:setTriggerSlope": {
      "slope": "Trigger slope"
    },
    "jmwilson:setTriggerSource": {
      "source": "Trigger source"
    },
    "jmwilson:showChannel": {
      "source": "Measurement source"
    },
    "jmwilson:singleCapture": {},
    "jmwilson:stopCapture": {}
  }
}