{
  "id" : "proj_QPypyO6X1M",
  "name" : "Ollie",
  "intents" : [ {
    "id" : "jmwilson:singleCapture",
    "type" : "registry",
    "version" : "1.0.0",
    "language" : "en",
    "slots" : [ ],
    "name" : "singleCapture"
  }, {
    "id" : "jmwilson:saveImage",
    "type" : "registry",
    "version" : "1.0.0",
    "language" : "en",
    "slots" : [ ],
    "name" : "saveImage"
  }, {
    "id" : "jmwilson:measure",
    "type" : "registry",
    "version" : "2.0.0",
    "language" : "en",
    "slots" : [ {
      "name" : "type",
      "id" : "c5UlMzqto",
      "entityId" : "entity_Evl7bzP4Ke2",
      "missingQuestion" : "",
      "required" : false
    }, {
      "name" : "source",
      "id" : "Uhsv_Wn62",
      "entityId" : "entity_WGXdY9VzGqp",
      "missingQuestion" : "",
      "required" : false
    } ],
    "name" : "measure"
  }, {
    "id" : "jmwilson:setTimeBaseScale",
    "type" : "registry",
    "version" : "2.0.0",
    "language" : "en",
    "slots" : [ {
      "name" : "units",
      "id" : "j8o9SdrE3",
      "entityId" : "entity_on7nk1G91Pn",
      "missingQuestion" : "",
      "required" : false
    }, {
      "name" : "scale",
      "id" : "hTZK95Grf",
      "entityId" : "snips/number",
      "missingQuestion" : "",
      "required" : false
    } ],
    "name" : "setTimeBaseScale"
  }, {
    "id" : "jmwilson:stopCapture",
    "type" : "registry",
    "version" : "1.0.0",
    "language" : "en",
    "slots" : [ ],
    "name" : "stopCapture"
  }, {
    "id" : "jmwilson:runCapture",
    "type" : "registry",
    "version" : "1.0.0",
    "language" : "en",
    "slots" : [ ],
    "name" : "runCapture"
  }, {
    "id" : "jmwilson:showChannel",
    "type" : "registry",
    "version" : "2.0.0",
    "language" : "en",
    "slots" : [ {
      "name" : "source",
      "id" : "-CQLnsx3u",
      "entityId" : "entity_WGXdY9VzGqp",
      "missingQuestion" : "",
      "required" : false,
      "description" : "channel number\n"
    } ],
    "name" : "showChannel"
  }, {
    "id" : "jmwilson:clearAllMeasurements",
    "type" : "registry",
    "version" : "1.0.0",
    "language" : "en",
    "slots" : [ ],
    "name" : "clearAllMeasurements"
  }, {
    "id" : "jmwilson:hideChannel",
    "type" : "registry",
    "version" : "2.0.0",
    "language" : "en",
    "slots" : [ {
      "name" : "source",
      "id" : "UzvmpXYJt",
      "entityId" : "entity_WGXdY9VzGqp",
      "missingQuestion" : "",
      "required" : false,
      "description" : "The channel or source to hide"
    } ],
    "name" : "hideChannel"
  }, {
    "id" : "jmwilson:setTimebaseReference",
    "type" : "registry",
    "version" : "1.0.0",
    "language" : "en",
    "slots" : [ {
      "name" : "reference",
      "id" : "JWrZaCVxc",
      "entityId" : "snips/default",
      "missingQuestion" : "",
      "required" : false
    } ],
    "name" : "setTimebaseReference"
  }, {
    "id" : "jmwilson:setChannelVerticalScale",
    "type" : "registry",
    "version" : "2.1.0",
    "language" : "en",
    "slots" : [ {
      "name" : "channel",
      "id" : "mbJ3Kbnjv",
      "entityId" : "snips/number",
      "missingQuestion" : "",
      "required" : false
    }, {
      "name" : "scale",
      "id" : "-FKcUU5UC",
      "entityId" : "snips/number",
      "missingQuestion" : "",
      "required" : false
    }, {
      "name" : "units",
      "id" : "KCVd6UBDL",
      "entityId" : "entity_PaB580x17GG",
      "missingQuestion" : "",
      "required" : false
    } ],
    "name" : "setChannelVerticalScale"
  }, {
    "id" : "jmwilson:setTriggerSlope",
    "type" : "registry",
    "version" : "1.0.0",
    "language" : "en",
    "slots" : [ {
      "name" : "slope",
      "id" : "QUSIcceNP",
      "entityId" : "entity_xxz6yMrQ3WZ",
      "missingQuestion" : "",
      "required" : false
    } ],
    "name" : "setTriggerSlope"
  }, {
    "id" : "jmwilson:setTriggerSource",
    "type" : "registry",
    "version" : "1.1.0",
    "language" : "en",
    "slots" : [ {
      "name" : "source",
      "id" : "uS-sA23bh",
      "entityId" : "entity_wyVkk3nMpml",
      "missingQuestion" : "",
      "required" : false
    } ],
    "name" : "setTriggerSource"
  } ],
  "createdAt" : "2019-01-20T06:41:17.418Z",
  "language" : "en",
  "version" : {
    "nluModel" : "0.19.0"
  },
  "platform" : {
    "type" : "raspberrypi"
  },
  "asr" : {
    "type" : "snips"
  },
  "analyticsEnabled" : false,
  "heartbeatEnabled" : false,
  "hotword" : "hey_snips"
}