{
  "parsers_metadata": [
    {
      "entity_identifier": "Measurement source",
      "entity_parser": "parser_1"
    },
    {
      "entity_identifier": "Measurement type",
      "entity_parser": "parser_2"
    },
    {
      "entity_identifier": "Time units",
      "entity_parser": "parser_3"
    },
    {
      "entity_identifier": "Trigger slope",
      "entity_parser": "parser_4"
    },
    {
      "entity_identifier": "Trigger source",
      "entity_parser": "parser_5"
    },
    {
      "entity_identifier": "Vertical units",
      "entity_parser": "parser_6"
    },
    {
      "entity_identifier": "snips/default--reference",
      "entity_parser": "parser_7"
    }
  ]
}